[
  {
    "id": "72ebcd53-c334-41db-838d-f2023e7f123a",
    "data": [
      {
        "text": "1",
        "userDefined": false
      }
    ],
    "isTemplate": false,
    "count": 0,
    "lang": "pt-br",
    "updated": 0
  },
  {
    "id": "0427454a-276c-400c-9b01-a4167a336422",
    "data": [
      {
        "text": "quero ligar na ",
        "userDefined": false
      },
      {
        "text": "fatec",
        "meta": "@Sistemas_Fatec",
        "alias": "sistemas_fatec",
        "userDefined": false
      }
    ],
    "isTemplate": false,
    "count": 0,
    "lang": "pt-br",
    "updated": 0
  },
  {
    "id": "4728a688-090b-4e7c-948b-65cd688d1a3a",
    "data": [
      {
        "text": "quero ligar",
        "userDefined": false
      }
    ],
    "isTemplate": false,
    "count": 0,
    "lang": "pt-br",
    "updated": 0
  },
  {
    "id": "a034b082-bb97-446c-9920-3c9695474811",
    "data": [
      {
        "text": "contato telefonico da ",
        "userDefined": false
      },
      {
        "text": "fatec",
        "meta": "@Sistemas_Fatec",
        "alias": "sistemas_fatec",
        "userDefined": false
      }
    ],
    "isTemplate": false,
    "count": 0,
    "lang": "pt-br",
    "updated": 0
  },
  {
    "id": "757e64f8-6f4a-46d7-b36a-71ac0817832a",
    "data": [
      {
        "text": "qual o numero da ",
        "userDefined": false
      },
      {
        "text": "fatec",
        "meta": "@Sistemas_Fatec",
        "alias": "sistemas_fatec",
        "userDefined": false
      }
    ],
    "isTemplate": false,
    "count": 0,
    "lang": "pt-br",
    "updated": 0
  },
  {
    "id": "3608add0-5a0d-4466-addf-d621a4e8c02b",
    "data": [
      {
        "text": "numero",
        "userDefined": false
      }
    ],
    "isTemplate": false,
    "count": 0,
    "lang": "pt-br",
    "updated": 0
  },
  {
    "id": "68daf33c-f8c5-4cb1-b175-216060b60353",
    "data": [
      {
        "text": "numero de telefone",
        "userDefined": false
      }
    ],
    "isTemplate": false,
    "count": 0,
    "lang": "pt-br",
    "updated": 0
  },
  {
    "id": "b85d86df-4f2d-4eac-9917-cefc4fd812ba",
    "data": [
      {
        "text": "telefone",
        "userDefined": false
      }
    ],
    "isTemplate": false,
    "count": 0,
    "lang": "pt-br",
    "updated": 0
  },
  {
    "id": "a02cc9d3-fcb7-45f8-a81c-4c1c7544a669",
    "data": [
      {
        "text": "qual o telefone da ",
        "userDefined": false
      },
      {
        "text": "fatec",
        "meta": "@Sistemas_Fatec",
        "alias": "sistemas_fatec",
        "userDefined": false
      },
      {
        "text": "?",
        "userDefined": false
      }
    ],
    "isTemplate": false,
    "count": 0,
    "lang": "pt-br",
    "updated": 0
  }
]