[
  {
    "id": "9c3219d3-a291-49af-af83-2ff9a41b20da",
    "data": [
      {
        "text": "Outros e-mails",
        "userDefined": false
      }
    ],
    "isTemplate": false,
    "count": 1,
    "lang": "pt-br",
    "updated": 0
  },
  {
    "id": "5d9ce60a-fbaa-499e-aea5-d8cb8f81dd96",
    "data": [
      {
        "text": "2",
        "userDefined": false
      }
    ],
    "isTemplate": false,
    "count": 0,
    "lang": "pt-br",
    "updated": 0
  },
  {
    "id": "ba742736-bb28-4d8f-9769-7527e89061ca",
    "data": [
      {
        "text": "E-mails",
        "userDefined": false
      }
    ],
    "isTemplate": false,
    "count": 0,
    "lang": "pt-br",
    "updated": 0
  },
  {
    "id": "63a5beff-81f0-41be-b9af-a072b6aab638",
    "data": [
      {
        "text": "me mande o email",
        "userDefined": false
      }
    ],
    "isTemplate": false,
    "count": 0,
    "lang": "pt-br",
    "updated": 0
  },
  {
    "id": "47b28131-0dbf-48e3-b567-bf46ddfee915",
    "data": [
      {
        "text": "me mande o email da ",
        "userDefined": false
      },
      {
        "text": "fatec",
        "userDefined": false
      }
    ],
    "isTemplate": false,
    "count": 0,
    "lang": "pt-br",
    "updated": 0
  },
  {
    "id": "954456a7-8693-488b-af55-784394185268",
    "data": [
      {
        "text": "como posso mandar email ",
        "userDefined": false
      },
      {
        "text": "para",
        "userDefined": false
      },
      {
        "text": " ",
        "userDefined": false
      },
      {
        "text": "fatec",
        "userDefined": false
      }
    ],
    "isTemplate": false,
    "count": 0,
    "lang": "pt-br",
    "updated": 0
  },
  {
    "id": "07fcf1ae-97dc-4e60-8b8d-0e0563e58e9f",
    "data": [
      {
        "text": "qual é o email da ",
        "userDefined": false
      },
      {
        "text": "fatec",
        "userDefined": false
      }
    ],
    "isTemplate": false,
    "count": 0,
    "lang": "pt-br",
    "updated": 0
  },
  {
    "id": "42dd6835-9704-4bf6-b183-dc1896a306d4",
    "data": [
      {
        "text": "email da ",
        "userDefined": false
      },
      {
        "text": "fatec",
        "userDefined": false
      }
    ],
    "isTemplate": false,
    "count": 0,
    "lang": "pt-br",
    "updated": 0
  },
  {
    "id": "ccf05c6a-3315-4e98-b1e9-f5892342eb83",
    "data": [
      {
        "text": "email",
        "userDefined": false
      }
    ],
    "isTemplate": false,
    "count": 0,
    "lang": "pt-br",
    "updated": 0
  }
]