[
  {
    "id": "a96bd990-4bb6-44d2-8626-a917a73f478e",
    "data": [
      {
        "text": "calendario escolar",
        "userDefined": false
      }
    ],
    "isTemplate": false,
    "count": 0,
    "lang": "pt-br",
    "updated": 0
  },
  {
    "id": "6f3751e3-a139-41bc-866d-adb9936663ac",
    "data": [
      {
        "text": "5",
        "userDefined": false
      }
    ],
    "isTemplate": false,
    "count": 0,
    "lang": "pt-br",
    "updated": 0
  },
  {
    "id": "55a0fd45-fa50-4c66-8002-2b8b31e711b3",
    "data": [
      {
        "text": "calendario",
        "userDefined": false
      }
    ],
    "isTemplate": false,
    "count": 0,
    "lang": "pt-br",
    "updated": 0
  }
]