[
  {
    "id": "35975f67-4406-463c-8f17-978b43c3095e",
    "data": [
      {
        "text": "qual os horarios da ",
        "userDefined": false
      },
      {
        "text": "secretária",
        "meta": "@sys.location",
        "alias": "location",
        "userDefined": false
      }
    ],
    "isTemplate": false,
    "count": 0,
    "lang": "pt-br",
    "updated": 0
  },
  {
    "id": "2e373fe5-842b-4736-8b78-cd066a0ca66f",
    "data": [
      {
        "text": "horario ",
        "userDefined": false
      },
      {
        "text": "secretária",
        "meta": "@sys.location",
        "alias": "location",
        "userDefined": false
      }
    ],
    "isTemplate": false,
    "count": 0,
    "lang": "pt-br",
    "updated": 0
  },
  {
    "id": "7aee655a-bafc-4008-b37d-500d0db2aee1",
    "data": [
      {
        "text": "qual é o horario de funcionamento",
        "userDefined": false
      }
    ],
    "isTemplate": false,
    "count": 0,
    "lang": "pt-br",
    "updated": 0
  },
  {
    "id": "71691c0f-a5f9-46d2-aaf9-44c99e350c1a",
    "data": [
      {
        "text": "horario de funcionamento",
        "userDefined": false
      }
    ],
    "isTemplate": false,
    "count": 0,
    "lang": "pt-br",
    "updated": 0
  },
  {
    "id": "d7309c83-b8a3-46f2-bb70-7eb682633e65",
    "data": [
      {
        "text": "6",
        "userDefined": false
      }
    ],
    "isTemplate": false,
    "count": 0,
    "lang": "pt-br",
    "updated": 0
  }
]