[
  {
    "id": "203d1875-8235-4d4e-9723-f6cf1b84d939",
    "data": [
      {
        "text": "gestao empresarial",
        "userDefined": false
      }
    ],
    "isTemplate": false,
    "count": 0,
    "lang": "pt-br",
    "updated": 0
  },
  {
    "id": "7abe6669-0254-4ff1-9268-1930bdb7f140",
    "data": [
      {
        "text": "Gestão Empresarial",
        "userDefined": false
      }
    ],
    "isTemplate": false,
    "count": 0,
    "lang": "pt-br",
    "updated": 0
  },
  {
    "id": "8eb9c83f-161d-46aa-b071-ba430ad1b64c",
    "data": [
      {
        "text": "2",
        "userDefined": false
      }
    ],
    "isTemplate": false,
    "count": 0,
    "lang": "pt-br",
    "updated": 0
  }
]