[
  {
    "id": "4dc77919-88a4-4515-ac8c-50e26d34136f",
    "data": [
      {
        "text": "fabricação ",
        "userDefined": false
      },
      {
        "text": "mecanica",
        "meta": "@sys.location",
        "alias": "location",
        "userDefined": false
      }
    ],
    "isTemplate": false,
    "count": 0,
    "lang": "pt-br",
    "updated": 0
  },
  {
    "id": "e04e5ef6-416c-4d83-9892-dd1af048ef3b",
    "data": [
      {
        "text": "Fabricação ",
        "userDefined": false
      },
      {
        "text": "Mecânica",
        "meta": "@sys.location",
        "alias": "location",
        "userDefined": false
      }
    ],
    "isTemplate": false,
    "count": 0,
    "lang": "pt-br",
    "updated": 0
  },
  {
    "id": "e1921e1c-65f3-48d3-9bd0-fa51b3843f02",
    "data": [
      {
        "text": "3",
        "userDefined": false
      }
    ],
    "isTemplate": false,
    "count": 0,
    "lang": "pt-br",
    "updated": 0
  }
]