[
  {
    "id": "e0e4a82b-67bb-45c9-8940-c8dbf20b3494",
    "data": [
      {
        "text": "↩ Exibir Cursos",
        "userDefined": false
      }
    ],
    "isTemplate": false,
    "count": 0,
    "lang": "pt-br",
    "updated": 0
  },
  {
    "id": "4e63abe0-770e-41c0-a479-8ecdced7b789",
    "data": [
      {
        "text": "7",
        "userDefined": false
      }
    ],
    "isTemplate": false,
    "count": 0,
    "lang": "pt-br",
    "updated": 0
  },
  {
    "id": "7e94a16e-b4e8-4284-aa7f-e1ffe8b781c5",
    "data": [
      {
        "text": "que curso tem",
        "userDefined": false
      }
    ],
    "isTemplate": false,
    "count": 0,
    "lang": "pt-br",
    "updated": 0
  },
  {
    "id": "05c04c0a-8f80-4818-9181-b13d2e9dd547",
    "data": [
      {
        "text": "cursos",
        "userDefined": false
      }
    ],
    "isTemplate": false,
    "count": 0,
    "lang": "pt-br",
    "updated": 0
  },
  {
    "id": "2df7c82d-bbf9-418e-94b8-a001d69d797f",
    "data": [
      {
        "text": "cursos ",
        "userDefined": false
      },
      {
        "text": "fatec",
        "meta": "@Sistemas_Fatec",
        "alias": "sistemas_fatec",
        "userDefined": false
      }
    ],
    "isTemplate": false,
    "count": 1,
    "lang": "pt-br",
    "updated": 0
  },
  {
    "id": "800f9b78-17fe-4c60-88d1-2cc4a67ad309",
    "data": [
      {
        "text": "Quais ",
        "userDefined": false
      },
      {
        "text": "cursos",
        "meta": "@sys.location",
        "alias": "location",
        "userDefined": false
      },
      {
        "text": " a ",
        "userDefined": false
      },
      {
        "text": "fatec",
        "meta": "@Sistemas_Fatec",
        "alias": "sistemas_fatec",
        "userDefined": false
      },
      {
        "text": " tem",
        "userDefined": false
      }
    ],
    "isTemplate": false,
    "count": 1,
    "lang": "pt-br",
    "updated": 0
  }
]