[
  {
    "id": "2b8bb5a5-41a7-406a-8315-51ffd079c31e",
    "data": [
      {
        "text": "analise e desenvolvimento de sistemas",
        "userDefined": false
      }
    ],
    "isTemplate": false,
    "count": 0,
    "lang": "pt-br",
    "updated": 0
  },
  {
    "id": "f75e746b-010d-493c-834b-fa54e7d370ab",
    "data": [
      {
        "text": "Análise e Desenvolvimento de Sistemas",
        "userDefined": false
      }
    ],
    "isTemplate": false,
    "count": 0,
    "lang": "pt-br",
    "updated": 0
  },
  {
    "id": "27928936-e382-4bbd-9d10-a80c61f9d012",
    "data": [
      {
        "text": "ADS",
        "userDefined": false
      }
    ],
    "isTemplate": false,
    "count": 0,
    "lang": "pt-br",
    "updated": 0
  },
  {
    "id": "71a7f47b-dcbe-4a32-8bad-b5ef72d0db7b",
    "data": [
      {
        "text": "1",
        "userDefined": false
      }
    ],
    "isTemplate": false,
    "count": 0,
    "lang": "pt-br",
    "updated": 0
  }
]