[
  {
    "id": "aa3ca373-b66b-4e73-a622-311ac7c5832b",
    "data": [
      {
        "text": "Parar Conversa",
        "userDefined": false
      }
    ],
    "isTemplate": false,
    "count": 0,
    "lang": "pt-br",
    "updated": 0
  },
  {
    "id": "39363194-4557-44c8-bb39-f99f5fc8a5df",
    "data": [
      {
        "text": "está ótimo",
        "userDefined": false
      }
    ],
    "isTemplate": false,
    "count": 0,
    "lang": "pt-br",
    "updated": 0
  },
  {
    "id": "6ec5059f-ef5c-4a64-a822-98b03b1f0799",
    "data": [
      {
        "text": "nha",
        "userDefined": false
      }
    ],
    "isTemplate": false,
    "count": 0,
    "lang": "pt-br",
    "updated": 0
  },
  {
    "id": "d2c1aba3-1b34-42da-b599-50927d7e0e20",
    "data": [
      {
        "text": "nope",
        "userDefined": false
      }
    ],
    "isTemplate": false,
    "count": 0,
    "lang": "pt-br",
    "updated": 0
  },
  {
    "id": "d0091be0-3cbf-4fd7-9a21-a40caeb4f210",
    "data": [
      {
        "text": "nop",
        "userDefined": false
      }
    ],
    "isTemplate": false,
    "count": 0,
    "lang": "pt-br",
    "updated": 0
  },
  {
    "id": "a9c112c2-8555-42d0-8d68-bb51e57453e6",
    "data": [
      {
        "text": "negativo",
        "userDefined": false
      }
    ],
    "isTemplate": false,
    "count": 0,
    "lang": "pt-br",
    "updated": 0
  },
  {
    "id": "f04ad2ba-2eb4-4786-a4ff-9f9edd9fe949",
    "data": [
      {
        "text": "obrigado",
        "userDefined": false
      }
    ],
    "isTemplate": false,
    "count": 0,
    "lang": "pt-br",
    "updated": 0
  },
  {
    "id": "1c555f00-cb78-4a54-a5ef-4ab7d5e9ba25",
    "data": [
      {
        "text": "nao quero",
        "userDefined": false
      }
    ],
    "isTemplate": false,
    "count": 0,
    "lang": "pt-br",
    "updated": 0
  },
  {
    "id": "a6338f66-1713-46e2-872d-1c303266d36d",
    "data": [
      {
        "text": "tabom já",
        "userDefined": false
      }
    ],
    "isTemplate": false,
    "count": 0,
    "lang": "pt-br",
    "updated": 0
  },
  {
    "id": "224b527e-3432-4907-9ec3-fa6dc300ee93",
    "data": [
      {
        "text": "apenas isso",
        "userDefined": false
      }
    ],
    "isTemplate": false,
    "count": 0,
    "lang": "pt-br",
    "updated": 0
  },
  {
    "id": "1a5c161e-75f9-4be4-90f6-e194fb087f33",
    "data": [
      {
        "text": "só isso mesmo",
        "userDefined": false
      }
    ],
    "isTemplate": false,
    "count": 0,
    "lang": "pt-br",
    "updated": 0
  },
  {
    "id": "62a12716-c44e-4505-bb81-ce94a1062b4e",
    "data": [
      {
        "text": "discordo",
        "userDefined": false
      }
    ],
    "isTemplate": false,
    "count": 1,
    "lang": "pt-br",
    "updated": 0
  },
  {
    "id": "3b7cd8a6-35d4-4c4c-81d8-0105a94a5186",
    "data": [
      {
        "text": "definitivamente não",
        "userDefined": false
      }
    ],
    "isTemplate": false,
    "count": 1,
    "lang": "pt-br",
    "updated": 0
  },
  {
    "id": "b107cc6f-3956-432b-bcf1-a3a1b59c9e5b",
    "data": [
      {
        "text": "não obrigado",
        "userDefined": false
      }
    ],
    "isTemplate": false,
    "count": 2,
    "lang": "pt-br",
    "updated": 0
  },
  {
    "id": "10b41714-9064-4dcd-b3f0-8fd9df2ac672",
    "data": [
      {
        "text": "acho que não",
        "userDefined": false
      }
    ],
    "isTemplate": false,
    "count": 0,
    "lang": "pt-br",
    "updated": 0
  },
  {
    "id": "bde2d10c-a5ce-41eb-a561-8e76cb0a54fe",
    "data": [
      {
        "text": "não",
        "userDefined": false
      }
    ],
    "isTemplate": false,
    "count": 4,
    "lang": "pt-br",
    "updated": 0
  },
  {
    "id": "311868a9-e66f-439a-85ec-9245b63a76a7",
    "data": [
      {
        "text": "não tenho interesse",
        "userDefined": false
      }
    ],
    "isTemplate": false,
    "count": 0,
    "lang": "pt-br",
    "updated": 0
  },
  {
    "id": "97b9a95e-8568-485f-98d5-c94f6f4d5bc7",
    "data": [
      {
        "text": "não quero isso",
        "userDefined": false
      }
    ],
    "isTemplate": false,
    "count": 0,
    "lang": "pt-br",
    "updated": 0
  },
  {
    "id": "1a4178d9-8337-4564-bd19-7857acf90673",
    "data": [
      {
        "text": "não faça isso",
        "userDefined": false
      }
    ],
    "isTemplate": false,
    "count": 1,
    "lang": "pt-br",
    "updated": 0
  },
  {
    "id": "57cb9c30-3725-44e2-bb73-aee05a1089b2",
    "data": [
      {
        "text": "não mesmo",
        "userDefined": false
      }
    ],
    "isTemplate": false,
    "count": 1,
    "lang": "pt-br",
    "updated": 0
  }
]