[
  {
    "id": "7811fc54-7210-4ba1-9278-1e6bb741addd",
    "data": [
      {
        "text": "••●••",
        "userDefined": false
      }
    ],
    "isTemplate": false,
    "count": 0,
    "lang": "pt-br",
    "updated": 0
  },
  {
    "id": "f18dd27f-8c7c-4a94-a1bf-02e2051e15a5",
    "data": [
      {
        "text": "Menu Exibir",
        "userDefined": false
      }
    ],
    "isTemplate": false,
    "count": 0,
    "lang": "pt-br",
    "updated": 0
  },
  {
    "id": "089390a3-2552-4629-a492-417195f96086",
    "data": [
      {
        "text": "Exibir menu",
        "userDefined": false
      }
    ],
    "isTemplate": false,
    "count": 1,
    "lang": "pt-br",
    "updated": 0
  },
  {
    "id": "5c528b3f-81da-4add-8b99-91bf1781c07d",
    "data": [
      {
        "text": "me mande o menu",
        "userDefined": false
      }
    ],
    "isTemplate": false,
    "count": 0,
    "lang": "pt-br",
    "updated": 0
  },
  {
    "id": "5fe9247b-aa8e-41cb-bd9b-ddcd06d7af9a",
    "data": [
      {
        "text": "quero menu",
        "userDefined": false
      }
    ],
    "isTemplate": false,
    "count": 0,
    "lang": "pt-br",
    "updated": 0
  },
  {
    "id": "d3c6ab29-a316-4e56-bda8-f4bd7075da12",
    "data": [
      {
        "text": "listar",
        "userDefined": false
      }
    ],
    "isTemplate": false,
    "count": 0,
    "lang": "pt-br",
    "updated": 0
  },
  {
    "id": "359d9f5f-96b3-4398-a4f4-a56bcf595a3c",
    "data": [
      {
        "text": "lista de menu",
        "userDefined": false
      }
    ],
    "isTemplate": false,
    "count": 0,
    "lang": "pt-br",
    "updated": 0
  },
  {
    "id": "7576b868-987d-488d-9e7b-82fda3b969e2",
    "data": [
      {
        "text": "menu de lista",
        "userDefined": false
      }
    ],
    "isTemplate": false,
    "count": 0,
    "lang": "pt-br",
    "updated": 0
  },
  {
    "id": "4e2bda89-a664-47e5-bfbf-f83a3d982307",
    "data": [
      {
        "text": "lista",
        "userDefined": false
      }
    ],
    "isTemplate": false,
    "count": 0,
    "lang": "pt-br",
    "updated": 0
  },
  {
    "id": "52247a41-0bed-43b9-9aa1-973b0eae2706",
    "data": [
      {
        "text": "Listar menu",
        "userDefined": false
      }
    ],
    "isTemplate": false,
    "count": 0,
    "lang": "pt-br",
    "updated": 0
  },
  {
    "id": "8099b46b-0449-4795-96f7-5a8fd1f5b38e",
    "data": [
      {
        "text": "Menu",
        "userDefined": false
      }
    ],
    "isTemplate": false,
    "count": 0,
    "lang": "pt-br",
    "updated": 0
  }
]