[
  {
    "id": "68d796be-363b-4c74-b854-ed8e93c82cdb",
    "data": [
      {
        "text": "mercado de trabalho",
        "userDefined": false
      }
    ],
    "isTemplate": false,
    "count": 0,
    "lang": "pt-br",
    "updated": 0
  },
  {
    "id": "42c3ca8a-e3e6-4680-a48e-a3d8741af0e3",
    "data": [
      {
        "text": "Como a ",
        "userDefined": false
      },
      {
        "text": "Fatec",
        "userDefined": false
      },
      {
        "text": " é vista no ",
        "userDefined": false
      },
      {
        "text": "mercado",
        "userDefined": false
      },
      {
        "text": " de trabalho?",
        "userDefined": false
      }
    ],
    "isTemplate": false,
    "count": 0,
    "lang": "pt-br",
    "updated": 0
  }
]