[
  {
    "id": "29bb60c2-f3dd-4510-b27b-73f2d5a4270a",
    "data": [
      {
        "text": "como é estudar na ",
        "userDefined": false
      },
      {
        "text": "fatec",
        "userDefined": false
      },
      {
        "text": "?",
        "userDefined": false
      }
    ],
    "isTemplate": false,
    "count": 0,
    "lang": "pt-br",
    "updated": 0
  },
  {
    "id": "9abede02-e5eb-4ca8-a99a-16ef2fd254da",
    "data": [
      {
        "text": "É bom estudar na ",
        "userDefined": false
      },
      {
        "text": "Fatec",
        "userDefined": false
      },
      {
        "text": "?",
        "userDefined": false
      }
    ],
    "isTemplate": false,
    "count": 0,
    "lang": "pt-br",
    "updated": 0
  }
]