[
  {
    "id": "db5d2ecb-4b8a-4f37-b0bb-999dc2a70a8b",
    "data": [
      {
        "text": "O que precisa ",
        "userDefined": false
      },
      {
        "text": "para",
        "userDefined": false
      },
      {
        "text": " entrar na ",
        "userDefined": false
      },
      {
        "text": "Fatec",
        "userDefined": false
      },
      {
        "text": "?",
        "userDefined": false
      }
    ],
    "isTemplate": false,
    "count": 0,
    "lang": "pt-br",
    "updated": 0
  }
]