[
  {
    "id": "a2ec13b9-3b39-4758-ad91-bcfebe9dd7f4",
    "data": [
      {
        "text": "Quem pode fazer os ",
        "userDefined": false
      },
      {
        "text": "cursos",
        "userDefined": false
      },
      {
        "text": " da ",
        "userDefined": false
      },
      {
        "text": "Fatec",
        "userDefined": false
      },
      {
        "text": "?",
        "userDefined": false
      }
    ],
    "isTemplate": false,
    "count": 0,
    "lang": "pt-br",
    "updated": 0
  }
]