[
  {
    "id": "ea12e2c6-735f-453a-9735-5e677b6f73da",
    "data": [
      {
        "text": "fatec",
        "userDefined": false
      },
      {
        "text": " vs ",
        "userDefined": false
      },
      {
        "text": "etec",
        "userDefined": false
      }
    ],
    "isTemplate": false,
    "count": 0,
    "lang": "pt-br",
    "updated": 0
  },
  {
    "id": "4c7b6eb8-8195-439a-8958-6e6b3472a192",
    "data": [
      {
        "text": "fatec",
        "userDefined": false
      },
      {
        "text": " ou ",
        "userDefined": false
      },
      {
        "text": "etec",
        "userDefined": false
      }
    ],
    "isTemplate": false,
    "count": 0,
    "lang": "pt-br",
    "updated": 0
  },
  {
    "id": "97884259-805e-481f-91c8-4d15c2a67beb",
    "data": [
      {
        "text": "Qual a diferença entre ",
        "userDefined": false
      },
      {
        "text": "FAtec",
        "userDefined": false
      },
      {
        "text": " e ",
        "userDefined": false
      },
      {
        "text": "Etec",
        "userDefined": false
      },
      {
        "text": "?",
        "userDefined": false
      }
    ],
    "isTemplate": false,
    "count": 0,
    "lang": "pt-br",
    "updated": 0
  }
]