[
  {
    "id": "cd1b32be-1fbe-4992-8f9d-13786bb31f68",
    "data": [
      {
        "text": "Fatec",
        "userDefined": false
      },
      {
        "text": " é bacharel",
        "userDefined": false
      }
    ],
    "isTemplate": false,
    "count": 0,
    "lang": "pt-br",
    "updated": 0
  },
  {
    "id": "d8bab73b-6498-4731-9ef9-c49d9755e80c",
    "data": [
      {
        "text": "Quem faz ",
        "userDefined": false
      },
      {
        "text": "Fatec",
        "userDefined": false
      },
      {
        "text": " é bacharel?",
        "userDefined": false
      }
    ],
    "isTemplate": false,
    "count": 0,
    "lang": "pt-br",
    "updated": 0
  }
]