[
  {
    "id": "34275808-a711-4de1-bb14-8c0d09a2f6f0",
    "data": [
      {
        "text": "inscrição ",
        "userDefined": false
      },
      {
        "text": "fatec",
        "userDefined": false
      }
    ],
    "isTemplate": false,
    "count": 0,
    "lang": "pt-br",
    "updated": 0
  },
  {
    "id": "7e049415-c4e5-414c-bb89-37ef68eb614b",
    "data": [
      {
        "text": "Quando abre inscrições ",
        "userDefined": false
      },
      {
        "text": "para",
        "userDefined": false
      },
      {
        "text": " o vestibular da ",
        "userDefined": false
      },
      {
        "text": "Fatec",
        "userDefined": false
      },
      {
        "text": "?",
        "userDefined": false
      }
    ],
    "isTemplate": false,
    "count": 0,
    "lang": "pt-br",
    "updated": 0
  }
]