[
  {
    "id": "3f693914-fde5-4cc2-a484-0db46eabc5e4",
    "data": [
      {
        "text": "valor vestibular",
        "userDefined": false
      }
    ],
    "isTemplate": false,
    "count": 0,
    "lang": "pt-br",
    "updated": 0
  },
  {
    "id": "365730f9-b7e7-4565-98ed-3923dca874bc",
    "data": [
      {
        "text": "valor ",
        "userDefined": false
      },
      {
        "text": "fatec",
        "userDefined": false
      }
    ],
    "isTemplate": false,
    "count": 0,
    "lang": "pt-br",
    "updated": 0
  },
  {
    "id": "02b33bac-6873-439d-8727-f9f74bd5136b",
    "data": [
      {
        "text": "Qual o valor da prova da ",
        "userDefined": false
      },
      {
        "text": "Fatec",
        "userDefined": false
      },
      {
        "text": "?",
        "userDefined": false
      }
    ],
    "isTemplate": false,
    "count": 0,
    "lang": "pt-br",
    "updated": 0
  }
]