[
  {
    "id": "ebc80282-8496-4075-81be-80b85ec29333",
    "data": [
      {
        "text": "A ",
        "userDefined": false
      },
      {
        "text": "Fatec",
        "userDefined": false
      },
      {
        "text": " é gratuita?",
        "userDefined": false
      }
    ],
    "isTemplate": false,
    "count": 0,
    "lang": "pt-br",
    "updated": 0
  },
  {
    "id": "d3b4b8c0-4209-4143-b9c6-edb7c8a1238b",
    "data": [
      {
        "text": "A ",
        "userDefined": false
      },
      {
        "text": "Fatec",
        "userDefined": false
      },
      {
        "text": " é paga?",
        "userDefined": false
      }
    ],
    "isTemplate": false,
    "count": 0,
    "lang": "pt-br",
    "updated": 0
  },
  {
    "id": "c60432d6-95fb-4d07-bbed-067c3db4944a",
    "data": [
      {
        "text": "mensalidade ",
        "userDefined": false
      },
      {
        "text": "fatec",
        "userDefined": false
      }
    ],
    "isTemplate": false,
    "count": 0,
    "lang": "pt-br",
    "updated": 0
  },
  {
    "id": "d1d42f86-27b2-4c05-a2db-0c9b7690881f",
    "data": [
      {
        "text": "Qual o valor da mensalidade da ",
        "userDefined": false
      },
      {
        "text": "Fatec",
        "userDefined": false
      },
      {
        "text": "?",
        "userDefined": false
      }
    ],
    "isTemplate": false,
    "count": 0,
    "lang": "pt-br",
    "updated": 0
  }
]