[
  {
    "id": "40116c1b-b9f2-4bf9-9d6e-763e57802064",
    "data": [
      {
        "text": "encontrei ",
        "userDefined": false
      },
      {
        "text": "um",
        "userDefined": false
      },
      {
        "text": " erro",
        "userDefined": false
      }
    ],
    "isTemplate": false,
    "count": 0,
    "lang": "pt-br",
    "updated": 0
  },
  {
    "id": "aac24534-292f-4c5a-b8cf-c9e1452ad2c0",
    "data": [
      {
        "text": "tem ",
        "userDefined": false
      },
      {
        "text": "um",
        "userDefined": false
      },
      {
        "text": " erro",
        "userDefined": false
      }
    ],
    "isTemplate": false,
    "count": 0,
    "lang": "pt-br",
    "updated": 0
  },
  {
    "id": "dce8e87c-8d6a-4d72-b622-ff8798d43d19",
    "data": [
      {
        "text": "erro",
        "userDefined": false
      }
    ],
    "isTemplate": false,
    "count": 0,
    "lang": "pt-br",
    "updated": 0
  },
  {
    "id": "42d6faf1-e6ea-4d37-8f52-75d926c08627",
    "data": [
      {
        "text": "quero reportar",
        "userDefined": false
      }
    ],
    "isTemplate": false,
    "count": 0,
    "lang": "pt-br",
    "updated": 0
  },
  {
    "id": "cbad94ea-63d4-4198-bfef-a919e62f21fe",
    "data": [
      {
        "text": "reportar",
        "userDefined": false
      }
    ],
    "isTemplate": false,
    "count": 0,
    "lang": "pt-br",
    "updated": 0
  },
  {
    "id": "264203f4-9eeb-4657-9af4-041db707a605",
    "data": [
      {
        "text": "Report",
        "userDefined": false
      }
    ],
    "isTemplate": false,
    "count": 0,
    "lang": "pt-br",
    "updated": 0
  }
]